path,title,count,uniques,repository
/cristianpb/analytics-google,Overview,21,3,analytics-google
/cristianpb/cristianpb/blob/main/README.md,/blob/main/README.md,1,1,cristianpb
/cristianpb/dotfiles,Overview,8,5,dotfiles
/cristianpb/dotfiles/issues,/issues,2,2,dotfiles
/cristianpb/dotfiles/tree/master/R,/tree/master/R,1,1,dotfiles
/cristianpb/dotfiles/tree/master/bash,/tree/master/bash,1,1,dotfiles
/cristianpb/dotfiles/tree/master/dunst/.config/dunst,/tree/master/dunst/.config/dunst,1,1,dotfiles
/cristianpb/dotfiles/tree/master/i3/.config/i3,/tree/master/i3/.config/i3,1,1,dotfiles
/cristianpb/hubot-ratp,Overview,1,1,hubot-ratp
/cristianpb/muse,Overview,7,5,muse
/cristianpb/object-detection,Overview,2,2,object-detection
/cristianpb/object-detection/blob/master/requirements.txt,/blob/master/requirements.txt,2,2,object-detection
/cristianpb/object-detection/blob/master/runtime.txt,/blob/master/runtime.txt,2,2,object-detection
/cristianpb/playlists,Overview,2,2,playlists
/cristianpb/playlists/actions/runs/36995222729/job/110804039521,/actions/runs/36995222729/job/110804039521,2,2,playlists
/cristianpb/playlists/actions,/actions,1,1,playlists
/cristianpb/playlists/actions/runs/36995222729,/actions/runs/36995222729,1,1,playlists
/cristianpb/playlists/commit/95055b576ba226d0483229d4b4aae5689a937fee,/commit/95055b576ba226d0483229d4b4aae5689a937fee,1,1,playlists
/cristianpb/rhasspy-handler,Overview,1,1,rhasspy-handler
/cristianpb/SubMusic,Overview,1,1,SubMusic
/memen45/SubMusic/compare/master...cristianpb:SubMusic:master,mpare/master...cristianpb:SubMusic:master,1,1,SubMusic
/cristianpb/telegraf-influxdb-grafana-docker,Overview,2,2,telegraf-influxdb-grafana-docker
/cristianpb/vimwiki,Overview,1,1,vimwiki
