referrer,count,uniques,repository
github.com,1,1,analytics-google
cristianpb.github.io,1,1,analytics-google
github.com,2,1,cristianpb.github.io
Google,1,1,datalab.mi
dotfiles.github.io,4,2,dotfiles
Google,33,2,muse
mopidy.com,30,6,muse
DuckDuckGo,2,1,muse
search.nixos.org,1,1,muse
hackster.io,6,1,object-detection
github.com,3,3,object-detection
programcreek.com,1,1,object-detection
Bing,11,1,rhasspy-handler
cristianpb.github.io,1,1,rhasspy-handler
Google,1,1,rhasspy-handler
Google,6,3,telegraf-influxdb-grafana-docker
