date,repository,clones,views
2026-09-17,alchemy-machine,0,0
2026-09-18,alchemy-machine,0,0
2026-09-19,alchemy-machine,0,0
2026-09-20,alchemy-machine,0,0
2026-09-21,alchemy-machine,0,0
2026-09-22,alchemy-machine,0,0
2026-09-23,alchemy-machine,0,0
2026-09-24,alchemy-machine,1,0
2026-09-25,alchemy-machine,1,0
2026-09-26,alchemy-machine,0,0
2026-09-27,alchemy-machine,0,0
2026-09-28,alchemy-machine,0,0
2026-09-29,alchemy-machine,0,0
2026-09-30,alchemy-machine,0,0
2026-09-17,analytics-google,8,0
2026-09-18,analytics-google,3,2
2026-09-19,analytics-google,13,2
2026-09-20,analytics-google,25,1
2026-09-21,analytics-google,12,1
2026-09-22,analytics-google,5,0
2026-09-23,analytics-google,2,1
2026-09-24,analytics-google,8,1
2026-09-25,analytics-google,3,1
2026-09-26,analytics-google,20,0
2026-09-27,analytics-google,8,2
2026-09-28,analytics-google,12,0
2026-09-29,analytics-google,14,4
2026-09-30,analytics-google,11,0
2026-09-15,aws-lambda-cv,1,0
2026-09-16,aws-lambda-cv,0,0
2026-09-17,aws-lambda-cv,0,0
2026-09-18,aws-lambda-cv,0,0
2026-09-19,aws-lambda-cv,0,0
2026-09-20,aws-lambda-cv,0,0
2026-09-21,aws-lambda-cv,0,0
2026-09-22,aws-lambda-cv,0,0
2026-09-23,aws-lambda-cv,0,0
2026-09-24,aws-lambda-cv,0,0
2026-09-25,aws-lambda-cv,0,0
2026-09-26,aws-lambda-cv,0,0
2026-09-27,aws-lambda-cv,0,0
2026-09-28,aws-lambda-cv,0,0
2026-09-17,cristianpb,1,0
2026-09-18,cristianpb,1,0
2026-09-19,cristianpb,0,0
2026-09-20,cristianpb,0,0
2026-09-21,cristianpb,0,0
2026-09-22,cristianpb,0,0
2026-09-23,cristianpb,1,0
2026-09-24,cristianpb,1,0
2026-09-25,cristianpb,1,0
2026-09-26,cristianpb,0,0
2026-09-27,cristianpb,0,0
2026-09-28,cristianpb,0,1
2026-09-29,cristianpb,0,0
2026-09-30,cristianpb,0,0
2026-09-17,cristianpb.github.io,3,0
2026-09-18,cristianpb.github.io,1,0
2026-09-19,cristianpb.github.io,0,0
2026-09-20,cristianpb.github.io,0,0
2026-09-21,cristianpb.github.io,1,0
2026-09-22,cristianpb.github.io,0,0
2026-09-23,cristianpb.github.io,1,0
2026-09-24,cristianpb.github.io,3,0
2026-09-25,cristianpb.github.io,1,0
2026-09-26,cristianpb.github.io,1,0
2026-09-27,cristianpb.github.io,2,0
2026-09-28,cristianpb.github.io,2,0
2026-09-29,cristianpb.github.io,1,0
2026-09-30,cristianpb.github.io,1,0
2026-09-17,dataiku-dss-docker,0,0
2026-09-18,dataiku-dss-docker,0,0
2026-09-19,dataiku-dss-docker,1,0
2026-09-20,dataiku-dss-docker,0,0
2026-09-21,dataiku-dss-docker,0,0
2026-09-22,dataiku-dss-docker,0,0
2026-09-23,dataiku-dss-docker,0,0
2026-09-24,dataiku-dss-docker,0,0
2026-09-25,dataiku-dss-docker,0,0
2026-09-26,dataiku-dss-docker,0,0
2026-09-27,dataiku-dss-docker,2,0
2026-09-28,dataiku-dss-docker,0,0
2026-09-29,dataiku-dss-docker,0,0
2026-09-30,dataiku-dss-docker,0,0
2026-09-17,datalab.mi,0,0
2026-09-18,datalab.mi,0,0
2026-09-19,datalab.mi,0,0
2026-09-20,datalab.mi,0,0
2026-09-21,datalab.mi,0,0
2026-09-22,datalab.mi,0,0
2026-09-23,datalab.mi,0,0
2026-09-24,datalab.mi,0,0
2026-09-25,datalab.mi,0,0
2026-09-26,datalab.mi,0,0
2026-09-27,datalab.mi,1,0
2026-09-28,datalab.mi,0,0
2026-09-29,datalab.mi,1,0
2026-09-30,datalab.mi,0,0
2026-09-17,deces-backend,0,0
2026-09-18,deces-backend,0,0
2026-09-19,deces-backend,0,0
2026-09-20,deces-backend,2,0
2026-09-21,deces-backend,0,0
2026-09-22,deces-backend,0,0
2026-09-23,deces-backend,0,0
2026-09-24,deces-backend,0,0
2026-09-25,deces-backend,0,0
2026-09-26,deces-backend,0,0
2026-09-27,deces-backend,1,0
2026-09-28,deces-backend,0,0
2026-09-29,deces-backend,1,0
2026-09-30,deces-backend,0,0
2026-09-17,deces-dataprep,0,0
2026-09-18,deces-dataprep,1,0
2026-09-19,deces-dataprep,0,0
2026-09-20,deces-dataprep,0,0
2026-09-21,deces-dataprep,0,0
2026-09-22,deces-dataprep,0,0
2026-09-23,deces-dataprep,0,0
2026-09-24,deces-dataprep,0,0
2026-09-25,deces-dataprep,0,0
2026-09-26,deces-dataprep,1,0
2026-09-27,deces-dataprep,1,0
2026-09-28,deces-dataprep,0,0
2026-09-29,deces-dataprep,1,0
2026-09-30,deces-dataprep,0,0
2026-09-17,deces-ui,0,0
2026-09-18,deces-ui,0,0
2026-09-19,deces-ui,0,0
2026-09-20,deces-ui,0,0
2026-09-21,deces-ui,0,0
2026-09-22,deces-ui,0,0
2026-09-23,deces-ui,0,0
2026-09-24,deces-ui,0,0
2026-09-25,deces-ui,0,0
2026-09-26,deces-ui,0,0
2026-09-27,deces-ui,1,0
2026-09-28,deces-ui,0,0
2026-09-29,deces-ui,0,0
2026-09-30,deces-ui,0,0
2026-09-17,dotfiles,1,0
2026-09-18,dotfiles,0,0
2026-09-19,dotfiles,0,2
2026-09-20,dotfiles,1,0
2026-09-21,dotfiles,0,0
2026-09-22,dotfiles,0,1
2026-09-23,dotfiles,0,0
2026-09-24,dotfiles,0,5
2026-09-25,dotfiles,1,0
2026-09-26,dotfiles,0,2
2026-09-27,dotfiles,0,1
2026-09-28,dotfiles,0,0
2026-09-29,dotfiles,0,0
2026-09-30,dotfiles,2,0
2026-09-17,enkontext,1,0
2026-09-18,enkontext,0,0
2026-09-19,enkontext,0,0
2026-09-20,enkontext,0,0
2026-09-21,enkontext,0,0
2026-09-22,enkontext,0,0
2026-09-23,enkontext,1,0
2026-09-24,enkontext,0,0
2026-09-25,enkontext,1,0
2026-09-26,enkontext,0,0
2026-09-27,enkontext,0,0
2026-09-28,enkontext,0,0
2026-09-29,enkontext,1,0
2026-09-30,enkontext,2,0
2026-09-17,goaccess,0,0
2026-09-18,goaccess,0,0
2026-09-19,goaccess,3,0
2026-09-20,goaccess,0,0
2026-09-21,goaccess,0,0
2026-09-22,goaccess,0,0
2026-09-23,goaccess,0,0
2026-09-24,goaccess,0,0
2026-09-25,goaccess,0,0
2026-09-26,goaccess,1,0
2026-09-27,goaccess,0,0
2026-09-28,goaccess,0,0
2026-09-29,goaccess,0,0
2026-09-30,goaccess,0,0
2026-09-17,gswsr,0,0
2026-09-18,gswsr,1,0
2026-09-19,gswsr,0,0
2026-09-20,gswsr,0,0
2026-09-21,gswsr,0,0
2026-09-22,gswsr,0,0
2026-09-23,gswsr,1,0
2026-09-24,gswsr,0,0
2026-09-25,gswsr,1,0
2026-09-26,gswsr,0,0
2026-09-27,gswsr,0,0
2026-09-28,gswsr,0,0
2026-09-29,gswsr,0,0
2026-09-30,gswsr,0,0
2026-09-17,hubot-ratp,1,1
2026-09-18,hubot-ratp,0,0
2026-09-19,hubot-ratp,0,0
2026-09-20,hubot-ratp,0,0
2026-09-21,hubot-ratp,0,0
2026-09-22,hubot-ratp,0,0
2026-09-23,hubot-ratp,0,0
2026-09-24,hubot-ratp,0,0
2026-09-25,hubot-ratp,1,0
2026-09-26,hubot-ratp,1,1
2026-09-27,hubot-ratp,0,0
2026-09-28,hubot-ratp,0,0
2026-09-29,hubot-ratp,0,0
2026-09-30,hubot-ratp,0,0
2026-09-17,hubot-velib,0,0
2026-09-18,hubot-velib,0,0
2026-09-19,hubot-velib,0,0
2026-09-20,hubot-velib,0,0
2026-09-21,hubot-velib,0,0
2026-09-22,hubot-velib,0,0
2026-09-23,hubot-velib,1,0
2026-09-24,hubot-velib,0,0
2026-09-25,hubot-velib,0,0
2026-09-26,hubot-velib,0,0
2026-09-27,hubot-velib,0,0
2026-09-28,hubot-velib,0,0
2026-09-29,hubot-velib,0,0
2026-09-30,hubot-velib,0,0
2026-09-17,infolettre-lab-ia,0,0
2026-09-18,infolettre-lab-ia,0,0
2026-09-19,infolettre-lab-ia,0,0
2026-09-20,infolettre-lab-ia,0,0
2026-09-21,infolettre-lab-ia,0,0
2026-09-22,infolettre-lab-ia,0,0
2026-09-23,infolettre-lab-ia,0,0
2026-09-24,infolettre-lab-ia,0,0
2026-09-25,infolettre-lab-ia,0,0
2026-09-26,infolettre-lab-ia,1,0
2026-09-27,infolettre-lab-ia,1,0
2026-09-28,infolettre-lab-ia,0,0
2026-09-29,infolettre-lab-ia,0,0
2026-09-30,infolettre-lab-ia,0,0
2026-09-17,judilibre-stats,0,0
2026-09-18,judilibre-stats,0,0
2026-09-19,judilibre-stats,0,0
2026-09-20,judilibre-stats,0,0
2026-09-21,judilibre-stats,0,0
2026-09-22,judilibre-stats,0,0
2026-09-23,judilibre-stats,0,0
2026-09-24,judilibre-stats,0,0
2026-09-25,judilibre-stats,0,0
2026-09-26,judilibre-stats,1,0
2026-09-27,judilibre-stats,0,0
2026-09-28,judilibre-stats,0,0
2026-09-29,judilibre-stats,1,0
2026-09-30,judilibre-stats,0,0
2026-09-17,logs-analysis,1,0
2026-09-18,logs-analysis,0,0
2026-09-19,logs-analysis,0,0
2026-09-20,logs-analysis,1,0
2026-09-21,logs-analysis,0,0
2026-09-22,logs-analysis,0,0
2026-09-23,logs-analysis,0,0
2026-09-24,logs-analysis,1,0
2026-09-25,logs-analysis,1,0
2026-09-26,logs-analysis,0,0
2026-09-27,logs-analysis,2,0
2026-09-28,logs-analysis,0,0
2026-09-29,logs-analysis,0,0
2026-09-30,logs-analysis,1,0
2026-09-17,mask-detection,0,0
2026-09-18,mask-detection,1,0
2026-09-19,mask-detection,0,0
2026-09-20,mask-detection,0,0
2026-09-21,mask-detection,0,0
2026-09-22,mask-detection,0,0
2026-09-23,mask-detection,0,0
2026-09-24,mask-detection,2,0
2026-09-25,mask-detection,1,0
2026-09-26,mask-detection,0,0
2026-09-27,mask-detection,0,0
2026-09-28,mask-detection,0,0
2026-09-29,mask-detection,0,0
2026-09-30,mask-detection,1,0
2026-09-17,matchid-backend,0,0
2026-09-18,matchid-backend,0,0
2026-09-19,matchid-backend,0,0
2026-09-20,matchid-backend,0,0
2026-09-21,matchid-backend,0,0
2026-09-22,matchid-backend,0,0
2026-09-23,matchid-backend,1,0
2026-09-24,matchid-backend,1,0
2026-09-25,matchid-backend,0,0
2026-09-26,matchid-backend,0,0
2026-09-27,matchid-backend,0,0
2026-09-28,matchid-backend,0,0
2026-09-29,matchid-backend,1,0
2026-09-30,matchid-backend,1,0
2026-09-17,mopidy.js,0,0
2026-09-18,mopidy.js,1,0
2026-09-19,mopidy.js,0,0
2026-09-20,mopidy.js,0,0
2026-09-21,mopidy.js,0,0
2026-09-22,mopidy.js,0,0
2026-09-23,mopidy.js,0,0
2026-09-24,mopidy.js,0,0
2026-09-25,mopidy.js,0,0
2026-09-26,mopidy.js,0,0
2026-09-27,mopidy.js,0,0
2026-09-28,mopidy.js,0,0
2026-09-29,mopidy.js,1,0
2026-09-30,mopidy.js,0,0
2026-09-17,muse,3,1
2026-09-18,muse,0,0
2026-09-19,muse,0,0
2026-09-20,muse,1,1
2026-09-21,muse,0,0
2026-09-22,muse,0,0
2026-09-23,muse,1,4
2026-09-24,muse,0,0
2026-09-25,muse,2,0
2026-09-26,muse,0,0
2026-09-27,muse,0,0
2026-09-28,muse,1,0
2026-09-29,muse,1,1
2026-09-30,muse,2,0
2026-09-17,music-s3,0,0
2026-09-18,music-s3,0,0
2026-09-19,music-s3,0,0
2026-09-20,music-s3,0,0
2026-09-21,music-s3,0,0
2026-09-22,music-s3,0,0
2026-09-23,music-s3,0,0
2026-09-24,music-s3,1,0
2026-09-25,music-s3,2,0
2026-09-26,music-s3,0,0
2026-09-27,music-s3,1,0
2026-09-28,music-s3,0,0
2026-09-29,music-s3,0,0
2026-09-30,music-s3,0,0
2026-09-17,mybottender,0,0
2026-09-18,mybottender,0,0
2026-09-19,mybottender,0,0
2026-09-20,mybottender,0,0
2026-09-21,mybottender,0,0
2026-09-22,mybottender,0,0
2026-09-23,mybottender,0,0
2026-09-24,mybottender,1,0
2026-09-25,mybottender,1,0
2026-09-26,mybottender,0,0
2026-09-27,mybottender,0,0
2026-09-28,mybottender,0,0
2026-09-29,mybottender,1,0
2026-09-30,mybottender,0,0
2026-09-17,myhubot,0,0
2026-09-18,myhubot,0,0
2026-09-19,myhubot,0,0
2026-09-20,myhubot,0,0
2026-09-21,myhubot,0,1
2026-09-22,myhubot,0,0
2026-09-23,myhubot,1,0
2026-09-24,myhubot,0,0
2026-09-25,myhubot,1,0
2026-09-26,myhubot,1,0
2026-09-27,myhubot,0,0
2026-09-28,myhubot,0,0
2026-09-29,myhubot,0,0
2026-09-30,myhubot,0,0
2026-09-17,nerf,3,0
2026-09-18,nerf,4,0
2026-09-19,nerf,1,0
2026-09-20,nerf,3,0
2026-09-21,nerf,0,0
2026-09-22,nerf,0,0
2026-09-23,nerf,0,0
2026-09-24,nerf,0,0
2026-09-25,nerf,1,0
2026-09-26,nerf,0,0
2026-09-27,nerf,1,0
2026-09-28,nerf,0,0
2026-09-29,nerf,1,0
2026-09-30,nerf,0,0
2026-09-17,newsapp,0,0
2026-09-18,newsapp,1,0
2026-09-19,newsapp,0,0
2026-09-20,newsapp,0,0
2026-09-21,newsapp,0,0
2026-09-22,newsapp,0,0
2026-09-23,newsapp,0,0
2026-09-24,newsapp,0,0
2026-09-25,newsapp,1,0
2026-09-26,newsapp,0,0
2026-09-27,newsapp,0,0
2026-09-28,newsapp,0,0
2026-09-29,newsapp,0,0
2026-09-30,newsapp,0,0
2026-09-17,newssummary,1,0
2026-09-18,newssummary,2,0
2026-09-19,newssummary,1,0
2026-09-20,newssummary,1,0
2026-09-21,newssummary,1,0
2026-09-22,newssummary,1,0
2026-09-23,newssummary,2,0
2026-09-24,newssummary,2,0
2026-09-25,newssummary,2,0
2026-09-26,newssummary,1,0
2026-09-27,newssummary,1,0
2026-09-28,newssummary,1,0
2026-09-29,newssummary,3,0
2026-09-30,newssummary,1,0
2026-09-17,ngTwitterApp,0,0
2026-09-18,ngTwitterApp,0,0
2026-09-19,ngTwitterApp,0,0
2026-09-20,ngTwitterApp,0,0
2026-09-21,ngTwitterApp,0,0
2026-09-22,ngTwitterApp,0,0
2026-09-23,ngTwitterApp,0,0
2026-09-24,ngTwitterApp,0,0
2026-09-25,ngTwitterApp,1,0
2026-09-26,ngTwitterApp,0,0
2026-09-27,ngTwitterApp,0,0
2026-09-28,ngTwitterApp,0,0
2026-09-29,ngTwitterApp,0,0
2026-09-30,ngTwitterApp,0,0
2026-09-17,object-detection,1,0
2026-09-18,object-detection,1,2
2026-09-19,object-detection,0,1
2026-09-20,object-detection,0,3
2026-09-21,object-detection,0,1
2026-09-22,object-detection,0,1
2026-09-23,object-detection,0,0
2026-09-24,object-detection,1,0
2026-09-25,object-detection,3,1
2026-09-26,object-detection,0,0
2026-09-27,object-detection,0,1
2026-09-28,object-detection,1,0
2026-09-29,object-detection,0,1
2026-09-30,object-detection,0,0
2026-09-17,object-detection-frontend,0,0
2026-09-18,object-detection-frontend,3,0
2026-09-19,object-detection-frontend,0,0
2026-09-20,object-detection-frontend,0,0
2026-09-21,object-detection-frontend,0,0
2026-09-22,object-detection-frontend,0,0
2026-09-23,object-detection-frontend,0,0
2026-09-24,object-detection-frontend,0,0
2026-09-25,object-detection-frontend,1,0
2026-09-26,object-detection-frontend,0,0
2026-09-27,object-detection-frontend,0,0
2026-09-28,object-detection-frontend,0,0
2026-09-29,object-detection-frontend,0,0
2026-09-30,object-detection-frontend,0,0
2026-09-17,piac-bot,0,0
2026-09-18,piac-bot,0,0
2026-09-19,piac-bot,0,0
2026-09-20,piac-bot,0,0
2026-09-21,piac-bot,0,0
2026-09-22,piac-bot,0,0
2026-09-23,piac-bot,0,0
2026-09-24,piac-bot,1,0
2026-09-25,piac-bot,0,0
2026-09-26,piac-bot,0,0
2026-09-27,piac-bot,0,0
2026-09-28,piac-bot,0,0
2026-09-29,piac-bot,0,0
2026-09-30,piac-bot,0,0
2026-09-17,playlists,0,0
2026-09-18,playlists,1,0
2026-09-19,playlists,0,0
2026-09-20,playlists,2,0
2026-09-21,playlists,0,0
2026-09-22,playlists,0,0
2026-09-23,playlists,1,0
2026-09-24,playlists,2,0
2026-09-25,playlists,20,2
2026-09-26,playlists,1,0
2026-09-27,playlists,4,0
2026-09-28,playlists,0,0
2026-09-29,playlists,0,0
2026-09-30,playlists,1,0
2026-09-17,PresentationTechnique,0,0
2026-09-18,PresentationTechnique,0,0
2026-09-19,PresentationTechnique,0,0
2026-09-20,PresentationTechnique,0,0
2026-09-21,PresentationTechnique,0,0
2026-09-22,PresentationTechnique,0,0
2026-09-23,PresentationTechnique,1,0
2026-09-24,PresentationTechnique,1,0
2026-09-25,PresentationTechnique,1,0
2026-09-26,PresentationTechnique,0,0
2026-09-27,PresentationTechnique,0,0
2026-09-28,PresentationTechnique,0,0
2026-09-29,PresentationTechnique,0,0
2026-09-30,PresentationTechnique,0,0
2026-09-17,priceminister,0,0
2026-09-18,priceminister,0,0
2026-09-19,priceminister,0,0
2026-09-20,priceminister,0,0
2026-09-21,priceminister,0,0
2026-09-22,priceminister,1,0
2026-09-23,priceminister,0,0
2026-09-24,priceminister,1,0
2026-09-25,priceminister,1,0
2026-09-26,priceminister,0,0
2026-09-27,priceminister,1,0
2026-09-28,priceminister,0,0
2026-09-29,priceminister,0,0
2026-09-30,priceminister,1,0
2026-09-17,qrcode-reader,1,0
2026-09-18,qrcode-reader,0,0
2026-09-19,qrcode-reader,0,0
2026-09-20,qrcode-reader,0,0
2026-09-21,qrcode-reader,0,0
2026-09-22,qrcode-reader,0,0
2026-09-23,qrcode-reader,0,0
2026-09-24,qrcode-reader,0,0
2026-09-25,qrcode-reader,1,0
2026-09-26,qrcode-reader,0,0
2026-09-27,qrcode-reader,1,0
2026-09-28,qrcode-reader,1,0
2026-09-29,qrcode-reader,0,0
2026-09-30,qrcode-reader,0,0
2026-09-17,reachy_mini_homeassistant,0,0
2026-09-18,reachy_mini_homeassistant,0,0
2026-09-19,reachy_mini_homeassistant,0,0
2026-09-20,reachy_mini_homeassistant,1,0
2026-09-21,reachy_mini_homeassistant,0,0
2026-09-22,reachy_mini_homeassistant,1,0
2026-09-23,reachy_mini_homeassistant,1,0
2026-09-24,reachy_mini_homeassistant,0,0
2026-09-25,reachy_mini_homeassistant,0,0
2026-09-26,reachy_mini_homeassistant,1,0
2026-09-27,reachy_mini_homeassistant,0,0
2026-09-28,reachy_mini_homeassistant,0,0
2026-09-29,reachy_mini_homeassistant,0,0
2026-09-30,reachy_mini_homeassistant,0,0
2026-09-17,recettes,0,0
2026-09-18,recettes,0,0
2026-09-19,recettes,0,0
2026-09-20,recettes,0,0
2026-09-21,recettes,0,0
2026-09-22,recettes,1,0
2026-09-23,recettes,0,0
2026-09-24,recettes,0,0
2026-09-25,recettes,1,0
2026-09-26,recettes,0,0
2026-09-27,recettes,0,0
2026-09-28,recettes,1,0
2026-09-29,recettes,0,0
2026-09-30,recettes,0,0
2026-09-17,rhasspy-handler,2,0
2026-09-18,rhasspy-handler,3,0
2026-09-19,rhasspy-handler,0,0
2026-09-20,rhasspy-handler,0,0
2026-09-21,rhasspy-handler,0,0
2026-09-22,rhasspy-handler,0,0
2026-09-23,rhasspy-handler,0,0
2026-09-24,rhasspy-handler,1,0
2026-09-25,rhasspy-handler,1,0
2026-09-26,rhasspy-handler,1,0
2026-09-27,rhasspy-handler,1,0
2026-09-28,rhasspy-handler,0,0
2026-09-29,rhasspy-handler,0,0
2026-09-30,rhasspy-handler,0,0
2026-09-17,simple-streaming-gateway,0,0
2026-09-18,simple-streaming-gateway,0,0
2026-09-19,simple-streaming-gateway,0,0
2026-09-20,simple-streaming-gateway,15,0
2026-09-21,simple-streaming-gateway,0,0
2026-09-22,simple-streaming-gateway,0,0
2026-09-23,simple-streaming-gateway,0,0
2026-09-24,simple-streaming-gateway,0,0
2026-09-25,simple-streaming-gateway,0,0
2026-09-26,simple-streaming-gateway,1,0
2026-09-27,simple-streaming-gateway,0,0
2026-09-28,simple-streaming-gateway,0,0
2026-09-29,simple-streaming-gateway,1,0
2026-09-30,simple-streaming-gateway,0,0
2026-09-17,stats,4,0
2026-09-18,stats,3,0
2026-09-19,stats,4,0
2026-09-20,stats,3,0
2026-09-21,stats,3,0
2026-09-22,stats,3,0
2026-09-23,stats,4,0
2026-09-24,stats,21,0
2026-09-25,stats,13,0
2026-09-26,stats,5,0
2026-09-27,stats,11,0
2026-09-28,stats,3,0
2026-09-29,stats,3,0
2026-09-30,stats,4,0
2026-09-17,SubMusic,0,0
2026-09-18,SubMusic,0,0
2026-09-19,SubMusic,0,0
2026-09-20,SubMusic,0,0
2026-09-21,SubMusic,0,0
2026-09-22,SubMusic,0,0
2026-09-23,SubMusic,0,0
2026-09-24,SubMusic,0,2
2026-09-25,SubMusic,0,0
2026-09-26,SubMusic,1,0
2026-09-27,SubMusic,0,0
2026-09-28,SubMusic,0,0
2026-09-29,SubMusic,1,0
2026-09-30,SubMusic,0,0
2026-09-17,telegraf-influxdb-grafana-docker,2,0
2026-09-18,telegraf-influxdb-grafana-docker,1,0
2026-09-19,telegraf-influxdb-grafana-docker,0,0
2026-09-20,telegraf-influxdb-grafana-docker,1,0
2026-09-21,telegraf-influxdb-grafana-docker,0,0
2026-09-22,telegraf-influxdb-grafana-docker,0,0
2026-09-23,telegraf-influxdb-grafana-docker,0,0
2026-09-24,telegraf-influxdb-grafana-docker,0,0
2026-09-25,telegraf-influxdb-grafana-docker,0,0
2026-09-26,telegraf-influxdb-grafana-docker,0,0
2026-09-27,telegraf-influxdb-grafana-docker,0,0
2026-09-28,telegraf-influxdb-grafana-docker,0,0
2026-09-29,telegraf-influxdb-grafana-docker,1,0
2026-09-30,telegraf-influxdb-grafana-docker,0,1
2026-09-17,temp-sigfox,0,0
2026-09-18,temp-sigfox,0,0
2026-09-19,temp-sigfox,0,0
2026-09-20,temp-sigfox,0,0
2026-09-21,temp-sigfox,0,0
2026-09-22,temp-sigfox,1,0
2026-09-23,temp-sigfox,0,0
2026-09-24,temp-sigfox,0,0
2026-09-25,temp-sigfox,1,0
2026-09-26,temp-sigfox,0,0
2026-09-27,temp-sigfox,0,0
2026-09-28,temp-sigfox,0,0
2026-09-29,temp-sigfox,0,0
2026-09-30,temp-sigfox,0,0
2026-09-17,tkasme,0,0
2026-09-18,tkasme,2,0
2026-09-19,tkasme,1,0
2026-09-20,tkasme,0,0
2026-09-21,tkasme,0,0
2026-09-22,tkasme,0,0
2026-09-23,tkasme,0,0
2026-09-24,tkasme,0,0
2026-09-25,tkasme,0,0
2026-09-26,tkasme,0,0
2026-09-27,tkasme,0,0
2026-09-28,tkasme,0,0
2026-09-29,tkasme,0,0
2026-09-30,tkasme,0,0
2026-09-17,velo.club,0,0
2026-09-18,velo.club,0,0
2026-09-19,velo.club,0,0
2026-09-20,velo.club,0,0
2026-09-21,velo.club,0,0
2026-09-22,velo.club,1,0
2026-09-23,velo.club,0,0
2026-09-24,velo.club,0,0
2026-09-25,velo.club,1,0
2026-09-26,velo.club,0,0
2026-09-27,velo.club,0,0
2026-09-28,velo.club,2,0
2026-09-29,velo.club,0,0
2026-09-30,velo.club,0,0
2026-09-17,vimwiki,0,0
2026-09-18,vimwiki,0,0
2026-09-19,vimwiki,1,0
2026-09-20,vimwiki,0,1
2026-09-21,vimwiki,0,1
2026-09-22,vimwiki,0,0
2026-09-23,vimwiki,0,0
2026-09-24,vimwiki,1,0
2026-09-25,vimwiki,1,0
2026-09-26,vimwiki,0,0
2026-09-27,vimwiki,0,0
2026-09-28,vimwiki,0,0
2026-09-29,vimwiki,1,0
2026-09-30,vimwiki,0,1
